scene_id,symbol,contract,timeframe,timestamp,engine_version,engine_direction,candidate_id,entry,stop,target,RR,manipulation_summary,sweep_information,mss_state,displacement_summary,fvg_summary,dealing_range,ce_location,premium_discount_state,pd_location,ce_distance,rr_realism,confirmation,fvg_location,execution_reasons,decision,engine,wrong_manipulation,wrong_sweep,wrong_mss,wrong_fvg,wrong_dealing_range_context,bad_location,insufficient_confirmation,execute_live,reason_for_pass,confidence,note
MNQ:MNQZ23:1H:2023-10-26T09:00:00-04:00,MNQ,MNQZ23,1H,2023-10-26T09:00:00-04:00,db80c31:fdecea0d00e4,LONG,SETUP:FVG234U,14311.12,14297.5,14790.25,35.17,bullish sweep of 14302.25,raid→14297.50 close 14309.00 (pool 14302.25),confirmed bullish @ 14330.50,bullish net 69.75 / 4 bars (exhausted),bullish touched 14310.75–14311.50 CE 14311.12 [1H],1H 14257.25–14330.50 (down),14293.88,premium,0.0,0.529,0.0,0.8519,0.6405,weak location — entry on the wrong premium/discount side (pd_location=0.0) | RR realism poor — likely inflated by a distant liquidity target (rr_realism=0.0),NO-TRADE,reject,False,False,False,False,False,True,False,no,"premium_discount,rr_misleading",4,"Execution pass rejected: premium_discount, rr_misleading"
MNQ:MNQH24:1H:2024-02-21T16:00:00-05:00,MNQ,MNQH24,1H,2024-02-21T16:00:00-05:00,db80c31:fdecea0d00e4,LONG,SETUP:FVG5084U@15m,17454.5,17448.5,17724.0,44.92,bullish sweep of 17452.50,raid→17448.50 close 17473.25 (pool 17452.50),confirmed bullish @ 17586.25,bullish net 77.25 / 1 bars (exhausted),bullish touched 17424.25–17484.75 CE 17454.50 [15m],1H 17373.00–17525.75 (down),17449.38,premium,0.0,0.9329,0.0,0.8209,0.42,weak location — entry on the wrong premium/discount side (pd_location=0.0) | RR realism poor — likely inflated by a distant liquidity target (rr_realism=0.0) | low-quality entry FVG (fvg_location=0.42),NO-TRADE,reject,False,False,False,False,False,True,False,no,"premium_discount,rr_misleading,other",4,"Execution pass rejected: premium_discount, rr_misleading, other"
MNQ:MNQM21:1H:2021-04-14T11:00:00-04:00,MNQ,MNQM21,1H,2021-04-14T11:00:00-04:00,db80c31:fdecea0d00e4,SHORT,SETUP:FVG2460D@15m,13978.62,13987.0,13772.5,24.61,bearish sweep of 13985.75,raid→13987.00 close 13982.75 (pool 13985.75),confirmed bearish @ 13958.25,bearish net 26.00 / 1 bars (exhausted),bearish unfilled 13975.00–13982.25 CE 13978.62 [15m],1H 13958.25–14029.00 (up),13993.62,discount,0.0,0.576,0.3079,0.8141,0.8951,weak location — entry on the wrong premium/discount side (pd_location=0.0) | RR realism poor — likely inflated by a distant liquidity target (rr_realism=0.3079),NO-TRADE,reject,False,False,False,False,False,True,False,no,"premium_discount,rr_misleading",4,"Execution pass rejected: premium_discount, rr_misleading"
MES:MESM22:1H:2022-04-26T04:00:00-04:00,MES,MESM22,1H,2022-04-26T04:00:00-04:00,db80c31:fdecea0d00e4,SHORT,SETUP:FVG237D,4293.75,4297.75,4195.25,24.62,bearish sweep of 4296.50,raid→4297.75 close 4292.50 (pool 4296.50),confirmed bearish @ 4287.50,bearish net 29.75 / 6 bars (exhausted),bearish unfilled 4293.00–4294.50 CE 4293.75 [1H],1H 4287.50–4303.75 (up),4295.62,discount,0.0,0.7692,0.3075,0.8615,0.9154,weak location — entry on the wrong premium/discount side (pd_location=0.0) | RR realism poor — likely inflated by a distant liquidity target (rr_realism=0.3075),NO-TRADE,reject,False,False,False,False,False,True,False,no,"premium_discount,rr_misleading",4,"Execution pass rejected: premium_discount, rr_misleading"
MNQ:MNQZ22:1H:2022-11-17T09:00:00-05:00,MNQ,MNQZ22,1H,2022-11-17T09:00:00-05:00,db80c31:fdecea0d00e4,SHORT,SETUP:FVG233D,11780.75,11822.5,10809.0,23.28,bearish sweep of 11805.00,raid→11822.50 close 11802.75 (pool 11805.00),confirmed bearish @ 11743.00,bearish net 294.50 / 7 bars,bearish unfilled 11778.75–11782.75 CE 11780.75 [1H],1H 11743.00–11828.25 (up),11785.62,discount,0.0,0.8856,0.3633,0.8142,0.9938,weak location — entry on the wrong premium/discount side (pd_location=0.0) | RR realism poor — likely inflated by a distant liquidity target (rr_realism=0.3633),NO-TRADE,reject,False,False,False,False,False,True,False,no,"premium_discount,rr_misleading",4,"Execution pass rejected: premium_discount, rr_misleading"
MES:MESZ20:1H:2020-10-19T13:00:00-04:00,MES,MESZ20,1H,2020-10-19T13:00:00-04:00,db80c31:fdecea0d00e4,SHORT,SETUP:FVG2583D@15m,3484.5,3488.0,3431.5,15.14,bearish sweep of 3487.75,raid→3488.00 close 3486.25 (pool 3487.75),confirmed bearish @ 3461.25,bearish net 5.00 / 1 bars (exhausted),bearish unfilled 3484.00–3485.00 CE 3484.50 [15m],1H 3483.00–3496.50 (up),3489.75,discount,0.0,0.2222,0.7025,0.8148,0.9519,weak location — entry on the wrong premium/discount side (pd_location=0.0) | entry far from CE (deep into the imbalance) (ce_distance=0.2222),SHORT,accept,False,False,False,False,False,False,False,yes,,5,Execution quality acceptable
MES:MESH21:1H:2021-01-08T05:00:00-05:00,MES,MESH21,1H,2021-01-08T05:00:00-05:00,db80c31:fdecea0d00e4,SHORT,SETUP:FVG237D,3809.5,3815.5,3747.25,10.38,bearish sweep of 3813.50,raid→3815.50 close 3812.50 (pool 3813.50),confirmed bearish @ 3806.75,bearish net 17.25 / 4 bars (exhausted),bearish touched 3807.50–3811.50 CE 3809.50 [1H],1H 3806.75–3817.75 (up),3812.25,discount,0.0,0.5,0.9008,0.9455,0.42,weak location — entry on the wrong premium/discount side (pd_location=0.0) | low-quality entry FVG (fvg_location=0.42),NO-TRADE,reject,False,False,False,False,False,True,False,no,"premium_discount,other",4,"Execution pass rejected: premium_discount, other"
MES:MESZ20:1H:2020-09-30T00:00:00-04:00,MES,MESZ20,1H,2020-09-30T00:00:00-04:00,db80c31:fdecea0d00e4,SHORT,SETUP:FVG237D,3333.5,3340.5,3206.25,18.18,bearish sweep of 3339.50,raid→3340.50 close 3334.75 (pool 3339.50),confirmed bearish @ 3324.00,bearish net 37.25 / 4 bars,bearish unfilled 3333.25–3333.75 CE 3333.50 [1H],1H 3324.00–3358.00 (up),3341.0,discount,0.0,0.5588,0.5758,0.6735,0.9294,weak location — entry on the wrong premium/discount side (pd_location=0.0),NO-TRADE,reject,False,False,False,False,False,True,True,no,"premium_discount,insufficient_confirmation",4,"Execution pass rejected: premium_discount, insufficient_confirmation"
MNQ:MNQH22:1H:2022-01-11T10:00:00-05:00,MNQ,MNQH22,1H,2022-01-11T10:00:00-05:00,db80c31:fdecea0d00e4,SHORT,SETUP:FVG237D,15621.0,15646.5,15152.5,18.37,bearish sweep of 15642.50,raid→15646.50 close 15611.25 (pool 15642.50),confirmed bearish @ 15564.25,bearish net 172.00 / 6 bars (exhausted),bearish touched 15599.50–15642.50 CE 15621.00 [1H],1H 15564.25–15736.50 (up),15650.38,discount,0.0,0.6589,0.5679,0.8186,0.42,weak location — entry on the wrong premium/discount side (pd_location=0.0) | low-quality entry FVG (fvg_location=0.42),NO-TRADE,reject,False,False,False,False,False,True,False,no,"premium_discount,other",4,"Execution pass rejected: premium_discount, other"
MNQ:MNQZ22:1H:2022-10-07T12:00:00-04:00,MNQ,MNQZ22,1H,2022-10-07T12:00:00-04:00,db80c31:fdecea0d00e4,SHORT,SETUP:FVG1776D@15m,11435.62,11577.0,10943.5,3.48,bearish sweep of 11563.75,raid→11577.00 close 11353.00 (pool 11563.75),confirmed bearish @ 11453.00,bearish net 455.75 / 4 bars,bearish unfilled 11373.25–11498.00 CE 11435.62 [15m],1H 11453.00–11577.00 (up),11515.0,discount,0.0,0.0,1.0,0.7355,0.7,weak location — entry on the wrong premium/discount side (pd_location=0.0) | entry far from CE (deep into the imbalance) (ce_distance=0.0),NO-TRADE,reject,False,False,False,False,False,True,False,no,"premium_discount,too_far_from_ce",4,"Execution pass rejected: premium_discount, too_far_from_ce"
MNQ:MNQZ21:1H:2021-11-22T11:00:00-05:00,MNQ,MNQZ21,1H,2021-11-22T11:00:00-05:00,db80c31:fdecea0d00e4,SHORT,SETUP:FVG4640D@15m,16602.25,16638.0,16406.75,5.47,bearish sweep of 16633.00,raid→16638.00 close 16626.00 (pool 16633.00),confirmed bearish @ 16606.25,bearish net 10.50 / 4 bars (exhausted),bearish unfilled 16601.50–16603.00 CE 16602.25 [15m],1H 16606.25–16649.00 (up),16627.62,discount,0.0,0.0,1.0,0.8936,0.9702,weak location — entry on the wrong premium/discount side (pd_location=0.0) | entry far from CE (deep into the imbalance) (ce_distance=0.0),NO-TRADE,reject,False,False,False,False,False,True,False,no,"premium_discount,too_far_from_ce",4,"Execution pass rejected: premium_discount, too_far_from_ce"
MES:MESH22:1H:2022-02-25T11:00:00-05:00,MES,MESH22,1H,2022-02-25T11:00:00-05:00,db80c31:fdecea0d00e4,LONG,SETUP:FVG235U,4276.25,4244.5,4391.25,3.62,bullish sweep of 4251.25,raid→4244.50 close 4253.75 (pool 4251.25),confirmed bullish @ 4272.75,bullish net 73.50 / 6 bars (exhausted),bullish unfilled 4268.25–4284.25 CE 4276.25 [1H],1H 4227.75–4272.75 (down),4250.25,premium,0.0,0.0,1.0,0.92,0.7,weak location — entry on the wrong premium/discount side (pd_location=0.0) | entry far from CE (deep into the imbalance) (ce_distance=0.0),NO-TRADE,reject,False,False,False,False,False,True,False,no,"premium_discount,too_far_from_ce",4,"Execution pass rejected: premium_discount, too_far_from_ce"
MES:MESH22:1H:2022-01-04T13:00:00-05:00,MES,MESH22,1H,2022-01-04T13:00:00-05:00,db80c31:fdecea0d00e4,SHORT,SETUP:FVG236D,4793.75,4808.25,4747.25,3.21,bearish sweep of 4807.25,raid→4808.25 close 4805.25 (pool 4807.25),confirmed bearish @ 4794.75,bearish net 35.25 / 2 bars (exhausted),bearish unfilled 4788.50–4799.00 CE 4793.75 [1H],1H 4794.75–4808.25 (up),4801.5,discount,0.0,0.0,1.0,0.8593,0.7,weak location — entry on the wrong premium/discount side (pd_location=0.0) | entry far from CE (deep into the imbalance) (ce_distance=0.0),NO-TRADE,reject,False,False,False,False,False,True,False,no,"premium_discount,too_far_from_ce",4,"Execution pass rejected: premium_discount, too_far_from_ce"
MES:MESZ22:1H:2022-10-07T12:00:00-04:00,MES,MESZ22,1H,2022-10-07T12:00:00-04:00,db80c31:fdecea0d00e4,SHORT,SETUP:FVG1776D@15m,3730.12,3776.0,3587.5,3.11,bearish sweep of 3762.75,raid→3776.00 close 3714.50 (pool 3762.75),confirmed bearish @ 3732.25,bearish net 105.50 / 2 bars (exhausted),bearish unfilled 3719.25–3741.00 CE 3730.12 [15m],1H 3732.25–3776.00 (up),3754.12,discount,0.0,0.0,1.0,1.0,0.7,weak location — entry on the wrong premium/discount side (pd_location=0.0) | entry far from CE (deep into the imbalance) (ce_distance=0.0),NO-TRADE,reject,False,False,False,False,False,True,False,no,"premium_discount,too_far_from_ce",4,"Execution pass rejected: premium_discount, too_far_from_ce"
MES:MESU23:1H:2023-08-04T12:00:00-04:00,MES,MESU23,1H,2023-08-04T12:00:00-04:00,db80c31:fdecea0d00e4,LONG,SETUP:FVG235U,4532.12,4529.5,4583.5,19.57,bullish sweep of 4530.25,raid→4529.50 close 4530.75 (pool 4530.25),confirmed bullish @ 4547.00,bullish net 21.25 / 3 bars (exhausted),bullish touched 4531.25–4533.00 CE 4532.12 [1H],1H 4514.25–4547.00 (down),4530.62,premium,0.0,0.9084,0.5179,0.8183,0.7131,weak location — entry on the wrong premium/discount side (pd_location=0.0),LONG,accept,False,False,False,False,False,False,False,yes,,5,Execution quality acceptable
MNQ:MNQZ21:1H:2021-11-29T15:00:00-05:00,MNQ,MNQZ21,1H,2021-11-29T15:00:00-05:00,db80c31:fdecea0d00e4,LONG,SETUP:FVG5057U@15m,16211.62,16178.75,16599.0,11.78,bullish sweep of 16192.50,raid→16178.75 close 16199.25 (pool 16192.50),confirmed bullish @ 16252.75,bullish net 49.25 / 3 bars (exhausted),bullish touched 16209.00–16214.25 CE 16211.62 [15m],1H 16166.75–16252.75 (down),16209.75,premium,0.0,0.9564,0.8425,0.9279,0.6979,weak location — entry on the wrong premium/discount side (pd_location=0.0),LONG,accept,False,False,False,False,False,False,False,yes,,5,Execution quality acceptable
MNQ:MNQH21:1H:2021-02-25T07:00:00-05:00,MNQ,MNQH21,1H,2021-02-25T07:00:00-05:00,db80c31:fdecea0d00e4,SHORT,SETUP:FVG234D,13313.12,13347.0,12958.0,10.48,bearish sweep of 13339.00,raid→13347.00 close 13337.75 (pool 13339.00),confirmed bearish @ 13274.75,bearish net 161.25 / 4 bars (exhausted),bearish unfilled 13302.00–13324.25 CE 13313.12 [1H],1H 13274.75–13354.25 (up),13314.5,discount,0.0,0.9654,0.8967,0.8805,0.7,weak location — entry on the wrong premium/discount side (pd_location=0.0),SHORT,accept,False,False,False,False,False,False,False,yes,,5,Execution quality acceptable
MES:MESM22:1H:2022-05-18T12:00:00-04:00,MES,MESM22,1H,2022-05-18T12:00:00-04:00,db80c31:fdecea0d00e4,SHORT,SETUP:FVG222D,4089.25,4095.0,3950.75,24.09,bearish sweep of 4093.50,raid→4095.00 close 4090.25 (pool 4093.50),confirmed bearish @ 4029.75,bearish net 21.75 / 3 bars (exhausted),bearish unfilled 4089.00–4089.50 CE 4089.25 [1H],1H 4064.25–4081.00 (up),4072.62,premium,1.0,0.0,0.3296,0.8716,0.9597,entry far from CE (deep into the imbalance) (ce_distance=0.0) | RR realism poor — likely inflated by a distant liquidity target (rr_realism=0.3296),SHORT,accept,False,False,False,False,False,False,False,yes,,5,Execution quality acceptable
MES:MESH22:1H:2022-01-05T14:00:00-05:00,MES,MESH22,1H,2022-01-05T14:00:00-05:00,db80c31:fdecea0d00e4,SHORT,SETUP:FVG237D,4770.62,4788.5,4713.25,3.21,bearish sweep of 4787.75,raid→4788.50 close 4781.50 (pool 4787.75),confirmed bearish @ 4770.00,bearish net 69.25 / 4 bars,bearish touched 4769.75–4771.50 CE 4770.62 [1H],1H 4770.00–4788.50 (up),4779.25,discount,0.0,0.0676,1.0,0.6824,0.6308,weak location — entry on the wrong premium/discount side (pd_location=0.0) | entry far from CE (deep into the imbalance) (ce_distance=0.0676),NO-TRADE,reject,False,False,False,False,False,True,True,no,"premium_discount,too_far_from_ce,insufficient_confirmation",4,"Execution pass rejected: premium_discount, too_far_from_ce, insufficient_confirmation"
MNQ:MNQZ19:1H:2019-12-02T15:00:00-05:00,MNQ,MNQZ19,1H,2019-12-02T15:00:00-05:00,db80c31:fdecea0d00e4,SHORT,SETUP:FVG4986D@15m,8447.12,8452.5,8276.0,31.84,bearish sweep of 8450.50,raid→8452.50 close 8448.75 (pool 8450.50),confirmed bearish @ 8406.25,bearish net 16.50 / 5 bars (exhausted),bearish unfilled 8446.75–8447.50 CE 8447.12 [15m],1H 8276.00–8456.75 (down),8366.38,premium,0.8935,0.1065,0.0067,0.8089,0.9083,RR realism poor — likely inflated by a distant liquidity target (rr_realism=0.0067) | entry far from CE (deep into the imbalance) (ce_distance=0.1065),NO-TRADE,reject,False,False,False,False,False,False,False,no,"rr_misleading,too_far_from_ce",4,"Execution pass rejected: rr_misleading, too_far_from_ce"
MES:MESH23:1H:2022-12-28T13:00:00-05:00,MES,MESH23,1H,2022-12-28T13:00:00-05:00,db80c31:fdecea0d00e4,SHORT,SETUP:FVG1075D@15m,3853.62,3875.0,3788.25,3.06,bearish sweep of 3869.50,raid→3875.00 close 3862.00 (pool 3869.50),confirmed bearish @ 3852.00,bearish net 61.75 / 3 bars (exhausted),bearish unfilled 3851.50–3855.75 CE 3853.62 [15m],1H 3852.00–3875.00 (up),3863.5,discount,0.0,0.1413,1.0,0.9913,0.7304,weak location — entry on the wrong premium/discount side (pd_location=0.0) | entry far from CE (deep into the imbalance) (ce_distance=0.1413),NO-TRADE,reject,False,False,False,False,False,True,False,no,"premium_discount,too_far_from_ce",4,"Execution pass rejected: premium_discount, too_far_from_ce"
MNQ:MNQH22:1H:2021-12-23T06:00:00-05:00,MNQ,MNQH22,1H,2021-12-23T06:00:00-05:00,db80c31:fdecea0d00e4,LONG,SETUP:FVG238U,16186.75,16145.25,16459.25,6.57,bullish sweep of 16162.25,raid→16145.25 close 16174.25 (pool 16162.25),confirmed bullish @ 16190.25,bullish net 62.00 / 3 bars,bullish unfilled 16183.75–16189.75 CE 16186.75 [1H],1H 16145.25–16190.25 (down),16167.75,premium,0.0,0.1556,1.0,0.85,0.8333,weak location — entry on the wrong premium/discount side (pd_location=0.0) | entry far from CE (deep into the imbalance) (ce_distance=0.1556),NO-TRADE,reject,False,False,False,False,False,True,False,no,"premium_discount,too_far_from_ce",4,"Execution pass rejected: premium_discount, too_far_from_ce"
MES:MESM24:1H:2024-05-22T09:00:00-04:00,MES,MESM24,1H,2024-05-22T09:00:00-04:00,db80c31:fdecea0d00e4,SHORT,SETUP:FVG5154D@15m,5345.38,5349.5,5322.5,5.55,bearish sweep of 5348.25,raid→5349.50 close 5346.75 (pool 5348.25),confirmed bearish @ 5345.00,bearish net 4.25 / 2 bars (exhausted),bearish unfilled 5344.75–5346.00 CE 5345.38 [15m],1H 5345.00–5349.50 (up),5347.25,discount,0.0,0.1667,1.0,1.0,0.7,weak location — entry on the wrong premium/discount side (pd_location=0.0) | entry far from CE (deep into the imbalance) (ce_distance=0.1667),NO-TRADE,reject,False,False,False,False,False,True,False,no,"premium_discount,too_far_from_ce",4,"Execution pass rejected: premium_discount, too_far_from_ce"
MNQ:MNQH23:1H:2023-02-15T15:00:00-05:00,MNQ,MNQH23,1H,2023-02-15T15:00:00-05:00,db80c31:fdecea0d00e4,LONG,SETUP:FVG4622U@15m,12586.12,12524.25,12783.0,3.18,bullish sweep of 12531.00,raid→12524.25 close 12562.25 (pool 12531.00),confirmed bullish @ 12592.75,bullish net 148.25 / 1 bars (exhausted),bullish unfilled 12584.00–12588.25 CE 12586.12 [15m],1H 12524.25–12592.75 (down),12558.5,premium,0.0,0.1934,1.0,0.8788,0.9759,weak location — entry on the wrong premium/discount side (pd_location=0.0) | entry far from CE (deep into the imbalance) (ce_distance=0.1934),NO-TRADE,reject,False,False,False,False,False,True,False,no,"premium_discount,too_far_from_ce",4,"Execution pass rejected: premium_discount, too_far_from_ce"
MNQ:MNQZ23:1H:2023-11-29T08:00:00-05:00,MNQ,MNQZ23,1H,2023-11-29T08:00:00-05:00,db80c31:fdecea0d00e4,LONG,SETUP:FVG234U,16076.75,16056.25,16173.25,4.71,bullish sweep of 16059.00,raid→16056.25 close 16059.25 (pool 16059.00),confirmed bullish @ 16079.00,bullish net 116.75 / 6 bars,bullish unfilled 16075.00–16078.50 CE 16076.75 [1H],1H 16056.00–16079.00 (down),16067.5,premium,0.0,0.1957,1.0,0.7457,0.7957,weak location — entry on the wrong premium/discount side (pd_location=0.0) | entry far from CE (deep into the imbalance) (ce_distance=0.1957),NO-TRADE,reject,False,False,False,False,False,True,False,no,"premium_discount,too_far_from_ce",4,"Execution pass rejected: premium_discount, too_far_from_ce"
MES:MESZ24:1H:2024-12-10T10:00:00-05:00,MES,MESZ24,1H,2024-12-10T10:00:00-05:00,db80c31:fdecea0d00e4,LONG,SETUP:FVG234U,6063.25,6058.0,6083.5,3.86,bullish sweep of 6059.25,raid→6058.00 close 6060.25 (pool 6059.25),confirmed bullish @ 6064.00,bullish net 13.75 / 4 bars (exhausted),bullish touched 6060.75–6065.75 CE 6063.25 [1H],1H 6057.25–6064.00 (down),6060.62,premium,0.0,0.2222,1.0,0.9481,0.42,weak location — entry on the wrong premium/discount side (pd_location=0.0) | entry far from CE (deep into the imbalance) (ce_distance=0.2222) | low-quality entry FVG (fvg_location=0.42),NO-TRADE,reject,False,False,False,False,False,True,False,no,"premium_discount,other",4,"Execution pass rejected: premium_discount, other"
MES:MESH23:1H:2023-01-18T15:00:00-05:00,MES,MESH23,1H,2023-01-18T15:00:00-05:00,db80c31:fdecea0d00e4,SHORT,SETUP:FVG234D,4010.88,4032.5,3942.25,3.17,bearish sweep of 4029.00,raid→4032.50 close 4023.75 (pool 4029.00),confirmed bearish @ 4008.00,bearish net 76.00 / 5 bars (exhausted),bearish unfilled 4006.00–4015.75 CE 4010.88 [1H],1H 4008.00–4033.75 (up),4020.88,discount,0.0,0.2233,1.0,0.9087,0.7,weak location — entry on the wrong premium/discount side (pd_location=0.0) | entry far from CE (deep into the imbalance) (ce_distance=0.2233),SHORT,accept,False,False,False,False,False,False,False,yes,,5,Execution quality acceptable
MNQ:MNQM24:1H:2024-04-11T16:00:00-04:00,MNQ,MNQM24,1H,2024-04-11T16:00:00-04:00,db80c31:fdecea0d00e4,LONG,SETUP:FVG231U,18197.25,18141.75,18566.5,6.65,bullish sweep of 18142.50,raid→18141.75 close 18165.75 (pool 18142.50),confirmed bullish @ 18216.75,bullish net 144.50 / 3 bars (exhausted),bullish touched 18172.00–18222.50 CE 18197.25 [1H],1H 18085.00–18216.75 (down),18150.88,premium,0.0,0.296,1.0,0.8046,0.42,weak location — entry on the wrong premium/discount side (pd_location=0.0) | entry far from CE (deep into the imbalance) (ce_distance=0.296) | low-quality entry FVG (fvg_location=0.42),NO-TRADE,reject,False,False,False,False,False,True,False,no,"premium_discount,other",4,"Execution pass rejected: premium_discount, other"
MES:MESZ21:1H:2021-10-01T16:00:00-04:00,MES,MESZ21,1H,2021-10-01T16:00:00-04:00,db80c31:fdecea0d00e4,LONG,SETUP:FVG229U,4280.88,4260.0,4388.5,5.16,bullish sweep of 4267.25,raid→4260.00 close 4267.50 (pool 4267.25),confirmed bullish @ 4311.00,bullish net 61.25 / 7 bars (exhausted),bullish touched 4279.00–4282.75 CE 4280.88 [1H],1H 4260.00–4284.75 (down),4272.38,premium,0.0,0.3131,1.0,1.0,0.517,weak location — entry on the wrong premium/discount side (pd_location=0.0) | entry far from CE (deep into the imbalance) (ce_distance=0.3131),LONG,accept,False,False,False,False,False,False,False,yes,,5,Execution quality acceptable
MNQ:MNQZ22:1H:2022-11-01T13:00:00-04:00,MNQ,MNQZ22,1H,2022-11-01T13:00:00-04:00,db80c31:fdecea0d00e4,SHORT,SETUP:FVG236D,11448.0,11549.25,11062.0,3.81,bearish sweep of 11545.50,raid→11549.25 close 11525.00 (pool 11545.50),confirmed bearish @ 11416.25,bearish net 233.75 / 9 bars (exhausted),bearish unfilled 11396.50–11499.50 CE 11448.00 [1H],1H 11416.25–11619.00 (up),11517.62,discount,0.0,0.3132,1.0,0.8148,0.7,weak location — entry on the wrong premium/discount side (pd_location=0.0) | entry far from CE (deep into the imbalance) (ce_distance=0.3132),SHORT,accept,False,False,False,False,False,False,False,yes,,5,Execution quality acceptable
MES:MESM22:1H:2022-04-01T12:00:00-04:00,MES,MESM22,1H,2022-04-01T12:00:00-04:00,db80c31:fdecea0d00e4,SHORT,SETUP:FVG1780D@15m,4541.0,4551.25,4493.5,4.63,bearish sweep of 4549.00,raid→4551.25 close 4547.00 (pool 4549.00),confirmed bearish @ 4538.00,bearish net 7.25 / 2 bars (exhausted),bearish unfilled 4539.75–4542.25 CE 4541.00 [15m],1H 4538.00–4555.25 (up),4546.62,discount,0.0,0.3478,1.0,0.9043,0.8101,weak location — entry on the wrong premium/discount side (pd_location=0.0) | entry far from CE (deep into the imbalance) (ce_distance=0.3478),SHORT,accept,False,False,False,False,False,False,False,yes,,5,Execution quality acceptable
MNQ:MNQM21:1H:2021-04-20T07:00:00-04:00,MNQ,MNQM21,1H,2021-04-20T07:00:00-04:00,db80c31:fdecea0d00e4,SHORT,SETUP:FVG2807D@15m,13895.38,13933.75,13772.75,3.2,bearish sweep of 13931.50,raid→13933.75 close 13906.75 (pool 13931.50),confirmed bearish @ 13887.25,bearish net 119.75 / 2 bars (exhausted),bearish unfilled 13888.00–13902.75 CE 13895.38 [15m],1H 13887.25–13933.75 (up),13910.5,discount,0.0,0.3495,1.0,0.8387,0.7,weak location — entry on the wrong premium/discount side (pd_location=0.0) | entry far from CE (deep into the imbalance) (ce_distance=0.3495),SHORT,accept,False,False,False,False,False,False,False,yes,,5,Execution quality acceptable
MNQ:MNQM24:1H:2024-04-26T11:00:00-04:00,MNQ,MNQM24,1H,2024-04-26T11:00:00-04:00,db80c31:fdecea0d00e4,LONG,SETUP:FVG3161U@15m,17766.5,17735.0,17968.25,6.4,bullish sweep of 17742.00,raid→17735.00 close 17758.75 (pool 17742.00),confirmed bullish @ 17793.50,bullish net 82.75 / 5 bars (exhausted),bullish unfilled 17764.50–17768.50 CE 17766.50 [15m],1H 17668.25–17793.50 (down),17730.88,premium,0.0,0.4311,1.0,0.8447,0.9639,weak location — entry on the wrong premium/discount side (pd_location=0.0) | entry far from CE (deep into the imbalance) (ce_distance=0.4311),LONG,accept,False,False,False,False,False,False,False,yes,,5,Execution quality acceptable
MES:MESZ23:1H:2023-10-12T09:00:00-04:00,MES,MESZ23,1H,2023-10-12T09:00:00-04:00,db80c31:fdecea0d00e4,SHORT,SETUP:FVG238D,4420.12,4429.5,4377.0,4.6,bearish sweep of 4427.75,raid→4429.50 close 4426.50 (pool 4427.75),confirmed bearish @ 4418.00,bearish net 35.00 / 3 bars,bearish unfilled 4416.25–4424.00 CE 4420.12 [1H],1H 4418.00–4427.75 (down),4422.88,discount,0.0,0.4359,1.0,0.7936,0.7,weak location — entry on the wrong premium/discount side (pd_location=0.0) | entry far from CE (deep into the imbalance) (ce_distance=0.4359),SHORT,accept,False,False,False,False,False,False,False,yes,,5,Execution quality acceptable
MES:MESM24:1H:2024-06-05T15:00:00-04:00,MES,MESM24,1H,2024-06-05T15:00:00-04:00,db80c31:fdecea0d00e4,LONG,SETUP:FVG229U,5312.5,5305.5,5368.25,7.96,bullish sweep of 5307.25,raid→5305.50 close 5308.50 (pool 5307.25),confirmed bullish @ 5314.75,bullish net 61.50 / 12 bars,bullish touched 5312.00–5313.00 CE 5312.50 [1H],1H 5304.50–5314.75 (down),5309.62,premium,0.0,0.439,1.0,0.7866,0.6249,weak location — entry on the wrong premium/discount side (pd_location=0.0) | entry far from CE (deep into the imbalance) (ce_distance=0.439),LONG,accept,False,False,False,False,False,False,False,yes,,5,Execution quality acceptable
MNQ:MNQM21:1H:2021-04-26T11:00:00-04:00,MNQ,MNQM21,1H,2021-04-26T11:00:00-04:00,db80c31:fdecea0d00e4,LONG,SETUP:FVG237U,13927.12,13902.0,14052.5,4.99,bullish sweep of 13904.25,raid→13902.00 close 13907.00 (pool 13904.25),confirmed bullish @ 13944.50,bullish net 87.50 / 8 bars,bullish unfilled 13922.00–13932.25 CE 13927.12 [1H],1H 13865.75–13944.50 (down),13905.12,premium,0.0,0.4413,1.0,0.6729,0.8397,weak location — entry on the wrong premium/discount side (pd_location=0.0) | entry far from CE (deep into the imbalance) (ce_distance=0.4413),NO-TRADE,reject,False,False,False,False,False,True,True,no,"premium_discount,insufficient_confirmation",4,"Execution pass rejected: premium_discount, insufficient_confirmation"
MNQ:MNQU22:1H:2022-08-17T08:00:00-04:00,MNQ,MNQU22,1H,2022-08-17T08:00:00-04:00,db80c31:fdecea0d00e4,SHORT,SETUP:FVG233D,13646.38,13673.25,13495.75,5.6,bearish sweep of 13671.50,raid→13673.25 close 13669.50 (pool 13671.50),confirmed bearish @ 13637.25,bearish net 173.25 / 7 bars,bearish unfilled 13641.00–13651.75 CE 13646.38 [1H],1H 13637.25–13673.25 (up),13655.25,discount,0.0,0.5069,1.0,0.6889,0.7,weak location — entry on the wrong premium/discount side (pd_location=0.0),NO-TRADE,reject,False,False,False,False,False,True,True,no,"premium_discount,insufficient_confirmation",4,"Execution pass rejected: premium_discount, insufficient_confirmation"
MNQ:MNQU24:1H:2024-07-02T10:00:00-04:00,MNQ,MNQU24,1H,2024-07-02T10:00:00-04:00,db80c31:fdecea0d00e4,LONG,SETUP:FVG238U,19987.88,19936.0,20273.25,5.5,bullish sweep of 19961.25,raid→19936.00 close 19965.75 (pool 19961.25),confirmed bullish @ 20016.50,bullish net 188.25 / 7 bars,bullish unfilled 19960.75–20015.00 CE 19987.88 [1H],1H 19909.75–20016.50 (down),19963.12,premium,0.0,0.5363,1.0,0.8392,0.7,weak location — entry on the wrong premium/discount side (pd_location=0.0),LONG,accept,False,False,False,False,False,False,False,yes,,5,Execution quality acceptable
MES:MESU24:1H:2024-06-25T08:00:00-04:00,MES,MESU24,1H,2024-06-25T08:00:00-04:00,db80c31:fdecea0d00e4,LONG,SETUP:FVG235U,5521.75,5512.5,5558.5,3.97,bullish sweep of 5513.25,raid→5512.50 close 5513.50 (pool 5513.25),confirmed bullish @ 5525.75,bullish net 16.75 / 4 bars (exhausted),bullish touched 5521.50–5522.00 CE 5521.75 [1H],1H 5511.00–5525.75 (down),5518.38,premium,0.0,0.5424,1.0,0.8407,0.6878,weak location — entry on the wrong premium/discount side (pd_location=0.0),LONG,accept,False,False,False,False,False,False,False,yes,,5,Execution quality acceptable
MNQ:MNQU23:1H:2023-09-01T12:00:00-04:00,MNQ,MNQU23,1H,2023-09-01T12:00:00-04:00,db80c31:fdecea0d00e4,SHORT,SETUP:FVG5877D@15m,15548.62,15565.0,15450.25,6.01,bearish sweep of 15559.75,raid→15565.00 close 15558.75 (pool 15559.75),confirmed bearish @ 15502.00,bearish net 111.50 / 9 bars,bearish unfilled 15545.75–15551.50 CE 15548.62 [15m],1H 15502.00–15661.25 (up),15581.62,discount,0.0,0.5856,1.0,0.6764,0.9722,weak location — entry on the wrong premium/discount side (pd_location=0.0),NO-TRADE,reject,False,False,False,False,False,True,True,no,"premium_discount,insufficient_confirmation",4,"Execution pass rejected: premium_discount, insufficient_confirmation"
MNQ:MNQU22:1H:2022-09-08T04:00:00-04:00,MNQ,MNQU22,1H,2022-09-08T04:00:00-04:00,db80c31:fdecea0d00e4,SHORT,SETUP:FVG238D,12274.25,12332.75,11977.25,5.08,bearish sweep of 12306.25,raid→12332.75 close 12301.75 (pool 12306.25),confirmed bearish @ 12249.75,bearish net 107.75 / 2 bars,bearish unfilled 12268.25–12280.25 CE 12274.25 [1H],1H 12249.75–12332.75 (up),12291.25,discount,0.0,0.5904,1.0,0.85,0.8108,weak location — entry on the wrong premium/discount side (pd_location=0.0),SHORT,accept,False,False,False,False,False,False,False,yes,,5,Execution quality acceptable
MNQ:MNQZ23:1H:2023-10-04T09:00:00-04:00,MNQ,MNQZ23,1H,2023-10-04T09:00:00-04:00,db80c31:fdecea0d00e4,LONG,SETUP:FVG1488U@15m,14691.25,14639.75,15031.0,6.6,bullish sweep of 14651.50,raid→14639.75 close 14656.75 (pool 14651.50),confirmed bullish @ 14734.00,bullish net 51.00 / 1 bars (exhausted),bullish touched 14688.00–14694.50 CE 14691.25 [15m],1H 14589.25–14734.00 (down),14661.62,premium,0.0,0.5907,1.0,0.8649,0.7098,weak location — entry on the wrong premium/discount side (pd_location=0.0),LONG,accept,False,False,False,False,False,False,False,yes,,5,Execution quality acceptable
MNQ:MNQU21:1H:2021-08-10T11:00:00-04:00,MNQ,MNQU21,1H,2021-08-10T11:00:00-04:00,db80c31:fdecea0d00e4,SHORT,SETUP:FVG4237D@15m,15109.12,15150.25,14848.75,6.33,bearish sweep of 15148.00,raid→15150.25 close 15144.25 (pool 15148.00),confirmed bearish @ 15092.75,bearish net 155.50 / 4 bars,bearish unfilled 15097.00–15121.25 CE 15109.12 [15m],1H 15092.75–15148.00 (up),15120.38,discount,0.0,0.5928,1.0,0.6826,0.7,weak location — entry on the wrong premium/discount side (pd_location=0.0),NO-TRADE,reject,False,False,False,False,False,True,True,no,"premium_discount,insufficient_confirmation",4,"Execution pass rejected: premium_discount, insufficient_confirmation"
MES:MESM23:1H:2023-05-11T10:00:00-04:00,MES,MESM23,1H,2023-05-11T10:00:00-04:00,db80c31:fdecea0d00e4,SHORT,SETUP:FVG235D,4160.38,4168.0,4112.25,6.31,bearish sweep of 4165.00,raid→4168.00 close 4164.00 (pool 4165.00),confirmed bearish @ 4156.75,bearish net 46.50 / 7 bars,bearish touched 4159.50–4161.25 CE 4160.38 [1H],1H 4156.75–4168.50 (up),4162.62,discount,0.0,0.617,1.0,0.85,0.5221,weak location — entry on the wrong premium/discount side (pd_location=0.0),SHORT,accept,False,False,False,False,False,False,False,yes,,5,Execution quality acceptable
MES:MESU22:1H:2022-09-08T04:00:00-04:00,MES,MESU22,1H,2022-09-08T04:00:00-04:00,db80c31:fdecea0d00e4,SHORT,SETUP:FVG238D,3982.12,3996.0,3896.25,6.19,bearish sweep of 3988.75,raid→3996.00 close 3986.00 (pool 3988.75),confirmed bearish @ 3975.75,bearish net 26.25 / 2 bars,bearish unfilled 3980.75–3983.50 CE 3982.12 [1H],1H 3975.75–3996.00 (up),3985.88,discount,0.0,0.6296,1.0,0.85,0.8284,weak location — entry on the wrong premium/discount side (pd_location=0.0),SHORT,accept,False,False,False,False,False,False,False,yes,,5,Execution quality acceptable
MES:MESZ22:1H:2022-11-14T06:00:00-05:00,MES,MESZ22,1H,2022-11-14T06:00:00-05:00,db80c31:fdecea0d00e4,SHORT,SETUP:FVG237D,3986.62,3996.5,3948.0,3.91,bearish sweep of 3995.75,raid→3996.50 close 3992.50 (pool 3995.75),confirmed bearish @ 3982.00,bearish net 19.50 / 2 bars (exhausted),bearish touched 3986.50–3986.75 CE 3986.62 [1H],1H 3982.00–3996.50 (up),3989.25,discount,0.0,0.6379,1.0,0.8414,0.6545,weak location — entry on the wrong premium/discount side (pd_location=0.0),SHORT,accept,False,False,False,False,False,False,False,yes,,5,Execution quality acceptable
MES:MESZ23:1H:2023-11-09T13:00:00-05:00,MES,MESZ23,1H,2023-11-09T13:00:00-05:00,db80c31:fdecea0d00e4,SHORT,SETUP:FVG4446D@15m,4394.12,4398.5,4375.0,4.37,bearish sweep of 4398.25,raid→4398.50 close 4395.50 (pool 4398.25),confirmed bearish @ 4390.00,bearish net 3.75 / 1 bars (exhausted),bearish unfilled 4391.25–4397.00 CE 4394.12 [15m],1H 4385.25–4413.00 (down),4399.12,discount,0.0,0.6396,1.0,0.8072,0.7,weak location — entry on the wrong premium/discount side (pd_location=0.0),SHORT,accept,False,False,False,False,False,False,False,yes,,5,Execution quality acceptable
MNQ:MNQH22:1H:2022-01-31T12:00:00-05:00,MNQ,MNQH22,1H,2022-01-31T12:00:00-05:00,db80c31:fdecea0d00e4,LONG,SETUP:FVG3604U@15m,14500.12,14399.5,14858.5,3.56,bullish sweep of 14424.50,raid→14399.50 close 14452.75 (pool 14424.50),confirmed bullish @ 14548.00,bullish net 385.00 / 5 bars,bullish unfilled 14488.50–14511.75 CE 14500.12 [15m],1H 14399.50–14548.00 (down),14473.75,premium,0.0,0.6448,1.0,0.7847,0.7869,weak location — entry on the wrong premium/discount side (pd_location=0.0),LONG,accept,False,False,False,False,False,False,False,yes,,5,Execution quality acceptable
MES:MESU19:1H:2019-08-27T08:00:00-04:00,MES,MESU19,1H,2019-08-27T08:00:00-04:00,db80c31:fdecea0d00e4,LONG,SETUP:FVG5082U@15m,2875.12,2872.75,2936.75,25.95,bullish sweep of 2875.25,raid→2872.75 close 2877.00 (pool 2875.25),confirmed bullish @ 2887.25,bullish net 14.25 / 3 bars (exhausted),bullish unfilled 2874.25–2876.00 CE 2875.12 [15m],1H 2869.25–2887.25 (down),2878.25,discount,0.3472,0.6528,0.2521,0.9111,0.9056,RR realism poor — likely inflated by a distant liquidity target (rr_realism=0.2521) | weak location — entry on the wrong premium/discount side (pd_location=0.3472),LONG,accept,False,False,False,False,False,False,False,yes,,5,Execution quality acceptable
MNQ:MNQM23:1H:2023-05-08T13:00:00-04:00,MNQ,MNQM23,1H,2023-05-08T13:00:00-04:00,db80c31:fdecea0d00e4,LONG,SETUP:FVG237U,13302.12,13287.75,13358.75,3.94,bullish sweep of 13294.25,raid→13287.75 close 13294.75 (pool 13294.25),confirmed bullish @ 13326.00,bullish net 67.00 / 5 bars,bullish unfilled 13297.00–13307.25 CE 13302.12 [1H],1H 13254.50–13326.00 (down),13290.25,premium,0.0,0.6678,1.0,0.7227,0.8133,weak location — entry on the wrong premium/discount side (pd_location=0.0),LONG,accept,False,False,False,False,False,False,False,yes,,5,Execution quality acceptable
MNQ:MNQM23:1H:2023-04-13T12:00:00-04:00,MNQ,MNQM23,1H,2023-04-13T12:00:00-04:00,db80c31:fdecea0d00e4,LONG,SETUP:FVG2573U@15m,12997.25,12957.25,13241.0,6.09,bullish sweep of 12962.25,raid→12957.25 close 13025.00 (pool 12962.25),confirmed bullish @ 13018.00,bullish net 201.25 / 4 bars,bullish unfilled 12987.25–13007.25 CE 12997.25 [15m],1H 12957.25–13018.00 (down),12987.62,premium,0.0,0.6831,1.0,0.7158,0.7,weak location — entry on the wrong premium/discount side (pd_location=0.0),NO-TRADE,reject,False,False,False,False,False,True,True,no,"premium_discount,insufficient_confirmation",4,"Execution pass rejected: premium_discount, insufficient_confirmation"
MNQ:MNQZ19:1H:2019-10-04T15:00:00-04:00,MNQ,MNQZ19,1H,2019-10-04T15:00:00-04:00,db80c31:fdecea0d00e4,LONG,SETUP:FVG232U,7661.5,7637.75,7841.5,7.58,bullish sweep of 7638.25,raid→7637.75 close 7653.75 (pool 7638.25),confirmed bullish @ 7685.25,bullish net 107.75 / 8 bars (exhausted),bullish unfilled 7643.50–7679.50 CE 7661.50 [1H],1H 7616.25–7685.25 (down),7650.75,premium,0.0,0.6884,1.0,0.8058,0.7,weak location — entry on the wrong premium/discount side (pd_location=0.0),LONG,accept,False,False,False,False,False,False,False,yes,,5,Execution quality acceptable
MES:MESU24:1H:2024-08-15T12:00:00-04:00,MES,MESU24,1H,2024-08-15T12:00:00-04:00,db80c31:fdecea0d00e4,LONG,SETUP:FVG4392U@15m,5485.0,5471.75,5601.0,8.75,bullish sweep of 5472.50,raid→5471.75 close 5489.25 (pool 5472.50),confirmed bullish @ 5492.00,bullish net 93.50 / 5 bars,bullish touched 5482.50–5487.50 CE 5485.00 [15m],1H 5471.75–5492.00 (down),5481.88,premium,0.0,0.6914,0.9688,0.6796,0.42,weak location — entry on the wrong premium/discount side (pd_location=0.0) | low-quality entry FVG (fvg_location=0.42),NO-TRADE,reject,False,False,False,False,False,True,True,no,"premium_discount,insufficient_confirmation,other",4,"Execution pass rejected: premium_discount, insufficient_confirmation, other"
MNQ:MNQU21:1H:2021-08-04T15:00:00-04:00,MNQ,MNQU21,1H,2021-08-04T15:00:00-04:00,db80c31:fdecea0d00e4,LONG,SETUP:FVG3875U@15m,15043.88,15016.5,15131.5,3.2,bullish sweep of 15021.25,raid→15016.50 close 15029.50 (pool 15021.25),confirmed bullish @ 15073.50,bullish net 52.75 / 1 bars (exhausted),bullish unfilled 15043.00–15044.75 CE 15043.88 [15m],1H 14996.75–15069.25 (down),15033.0,premium,0.0,0.7,1.0,0.8524,0.9483,weak location — entry on the wrong premium/discount side (pd_location=0.0),LONG,accept,False,False,False,False,False,False,False,yes,,5,Execution quality acceptable
MNQ:MNQM24:1H:2024-05-31T08:00:00-04:00,MNQ,MNQM24,1H,2024-05-31T08:00:00-04:00,db80c31:fdecea0d00e4,LONG,SETUP:FVG5436U@15m,18542.12,18485.0,18729.0,3.27,bullish sweep of 18513.00,raid→18485.00 close 18521.50 (pool 18513.00),confirmed bullish @ 18573.00,bullish net 183.00 / 2 bars,bullish unfilled 18539.00–18545.25 CE 18542.12 [15m],1H 18485.00–18573.00 (down),18529.0,premium,0.0,0.7017,1.0,0.85,0.958,weak location — entry on the wrong premium/discount side (pd_location=0.0),LONG,accept,False,False,False,False,False,False,False,yes,,5,Execution quality acceptable
MNQ:MNQZ24:1H:2024-10-15T11:00:00-04:00,MNQ,MNQZ24,1H,2024-10-15T11:00:00-04:00,db80c31:fdecea0d00e4,SHORT,SETUP:FVG2426D@15m,20597.0,20659.25,20313.25,4.56,bearish sweep of 20637.50,raid→20659.25 close 20629.50 (pool 20637.50),confirmed bearish @ 20563.00,bearish net 327.75 / 1 bars (exhausted),bearish unfilled 20586.00–20608.00 CE 20597.00 [15m],1H 20563.00–20659.25 (up),20611.12,discount,0.0,0.7065,1.0,0.9808,0.7,weak location — entry on the wrong premium/discount side (pd_location=0.0),SHORT,accept,False,False,False,False,False,False,False,yes,,5,Execution quality acceptable
MES:MESU20:1H:2020-07-01T13:00:00-04:00,MES,MESU20,1H,2020-07-01T13:00:00-04:00,db80c31:fdecea0d00e4,LONG,SETUP:FVG234U,3082.62,3070.0,3128.25,3.61,bullish sweep of 3073.00,raid→3070.00 close 3073.25 (pool 3073.00),confirmed bullish @ 3093.50,bullish net 41.75 / 4 bars (exhausted),bullish unfilled 3073.50–3091.75 CE 3082.62 [1H],1H 3062.75–3093.50 (down),3078.12,premium,0.0,0.7073,1.0,0.878,0.7,weak location — entry on the wrong premium/discount side (pd_location=0.0),LONG,accept,False,False,False,False,False,False,False,yes,,5,Execution quality acceptable
MNQ:MNQM20:1H:2020-06-09T07:00:00-04:00,MNQ,MNQM20,1H,2020-06-09T07:00:00-04:00,db80c31:fdecea0d00e4,SHORT,SETUP:FVG235D,9876.25,9907.25,9746.75,4.18,bearish sweep of 9901.00,raid→9907.25 close 9898.25 (pool 9901.00),confirmed bearish @ 9859.00,bearish net 94.25 / 3 bars (exhausted),bearish unfilled 9868.00–9884.50 CE 9876.25 [1H],1H 9859.00–9907.25 (up),9883.12,discount,0.0,0.715,1.0,0.9036,0.7,weak location — entry on the wrong premium/discount side (pd_location=0.0),SHORT,accept,False,False,False,False,False,False,False,yes,,5,Execution quality acceptable
MES:MESM23:1H:2023-06-05T15:00:00-04:00,MES,MESM23,1H,2023-06-05T15:00:00-04:00,db80c31:fdecea0d00e4,SHORT,SETUP:FVG5554D@15m,4298.5,4301.5,4219.25,26.42,bearish sweep of 4297.75,raid→4301.50 close 4292.25 (pool 4297.75),confirmed bearish @ 4281.50,bearish net 15.75 / 1 bars (exhausted),bearish unfilled 4295.00–4302.00 CE 4298.50 [15m],1H 4285.75–4305.75 (up),4295.75,premium,0.275,0.725,0.2325,0.95,0.7,RR realism poor — likely inflated by a distant liquidity target (rr_realism=0.2325) | weak location — entry on the wrong premium/discount side (pd_location=0.275),NO-TRADE,reject,False,False,False,False,False,False,False,no,rr_misleading,4,Execution pass rejected: rr_misleading
MES:MESZ19:1H:2019-10-04T07:00:00-04:00,MES,MESZ19,1H,2019-10-04T07:00:00-04:00,db80c31:fdecea0d00e4,SHORT,SETUP:FVG234D,2910.12,2918.25,2855.0,6.78,bearish sweep of 2913.00,raid→2918.25 close 2912.50 (pool 2913.00),confirmed bearish @ 2905.25,bearish net 20.25 / 5 bars (exhausted),bearish unfilled 2910.00–2910.25 CE 2910.12 [1H],1H 2905.25–2918.25 (up),2911.75,discount,0.0,0.75,1.0,1.0,0.9385,weak location — entry on the wrong premium/discount side (pd_location=0.0),SHORT,accept,False,False,False,False,False,False,False,yes,,5,Execution quality acceptable
